model,cv_auprc,cv_auroc,best_threshold
gb,0.6923756777908091,0.9116809549279999,0.30445445652797076
rf,0.6775111237375985,0.9111529584352811,0.38101056248765464
voting,0.6578433919118749,0.8845342098307205,0.38107668308365156
bagging,0.5871958005196186,0.8507715612106601,0.8928921562624133
tree,0.4130878418580236,0.7804755599748314,0.9808162908582416
adaboost,0.34094798787314085,0.6775611271644303,0.8807970779778823
logistic,0.3179181065954448,0.7632272084385102,0.7236579659502396
